satellite_name,norad_id,optical_image_url,timestamp,observer_lat,observer_lon,observer_alt
SAT-900,900,https://images-assets.nasa.gov/image/PIA04220/PIA04220~small.jpg,2025-10-04T23:29:26.285516Z,0.8186,-13.6881,3.68
SAT-901,901,https://images-assets.nasa.gov/image/PIA04220/PIA04220~small.jpg,2025-10-04T22:49:26.285526Z,-82.6752,-116.7844,2.71
SAT-902,902,https://images-assets.nasa.gov/image/PIA04216/PIA04216~small.jpg,2025-10-04T23:07:26.285533Z,89.7488,103.1937,4.52
SAT-903,903,https://images-assets.nasa.gov/image/PIA04220/PIA04220~small.jpg,2025-10-04T22:54:26.285540Z,-80.7304,67.7876,3.27
SAT-904,904,https://images-assets.nasa.gov/image/GSFC_20171208_Archive_e001465/GSFC_20171208_Archive_e001465~small.jpg,2025-10-04T22:40:26.285546Z,33.4367,123.3199,2.44
SAT-905,905,https://images-assets.nasa.gov/image/PIA04225/PIA04225~medium.jpg,2025-10-04T23:02:26.285553Z,75.9943,124.1998,3.13
SAT-906,906,https://images-assets.nasa.gov/image/GSFC_20171208_Archive_e001465/GSFC_20171208_Archive_e001465~small.jpg,2025-10-05T00:02:26.285558Z,-61.2591,51.2603,0.68
SAT-907,907,https://images-assets.nasa.gov/image/PIA04225/PIA04225~medium.jpg,2025-10-05T00:24:26.285565Z,-85.6416,-0.381,1.9
SAT-908,908,https://images-assets.nasa.gov/image/PIA04225/PIA04225~medium.jpg,2025-10-04T23:09:26.285571Z,-15.7932,64.0222,3.03
SAT-909,909,https://images-assets.nasa.gov/image/GSFC_20171208_Archive_e001465/GSFC_20171208_Archive_e001465~small.jpg,2025-10-04T23:26:26.285577Z,86.3666,53.4753,1.63
SAT-910,910,https://images-assets.nasa.gov/image/PIA04216/PIA04216~small.jpg,2025-10-04T23:43:26.285583Z,17.8611,59.0845,0.41
SAT-911,911,https://images-assets.nasa.gov/image/PIA14417/PIA14417~medium.jpg,2025-10-05T00:11:26.285589Z,-71.2398,-32.2245,3.73
SAT-912,912,https://images-assets.nasa.gov/image/GSFC_20171208_Archive_e001465/GSFC_20171208_Archive_e001465~small.jpg,2025-10-04T23:06:26.285596Z,58.8763,-30.6009,2.11
SAT-913,913,https://images-assets.nasa.gov/image/PIA14417/PIA14417~medium.jpg,2025-10-04T23:20:26.285602Z,-54.5668,134.5856,3.45
SAT-914,914,https://images-assets.nasa.gov/image/PIA14417/PIA14417~medium.jpg,2025-10-04T23:52:26.285608Z,25.5419,-59.5907,3.59
SAT-915,915,https://images-assets.nasa.gov/image/GSFC_20171208_Archive_e001465/GSFC_20171208_Archive_e001465~small.jpg,2025-10-04T23:03:26.285614Z,55.2357,118.1049,3.27
SAT-916,916,https://images-assets.nasa.gov/image/PIA04220/PIA04220~small.jpg,2025-10-05T00:36:26.285620Z,-49.2,-100.3946,2.84
SAT-917,917,https://images-assets.nasa.gov/image/GSFC_20171208_Archive_e001465/GSFC_20171208_Archive_e001465~small.jpg,2025-10-04T22:58:26.285626Z,-73.4632,60.758,3.71
SAT-918,918,https://images-assets.nasa.gov/image/PIA14417/PIA14417~medium.jpg,2025-10-04T22:58:26.285633Z,-18.9589,144.2826,2.46
SAT-919,919,https://images-assets.nasa.gov/image/PIA14417/PIA14417~medium.jpg,2025-10-04T23:03:26.285638Z,1.9336,155.3479,4.36
